{"cameraMode":{"drawMode":0,"name":"Shaded","section":"Shading Mode"},"sceneLighting":true,"audioPlay":false,"sceneViewState":{"showFog":false,"showMaterialUpdate":false,"showSkybox":false,"showFlares":false,"showImageEffects":false,"showParticleSystems":false},"in2DMode":false,"pivot":{"x":11.869882583618164,"y":6.249646186828613,"z":-12.047807693481446},"rotation":{"x":0.31909772753715517,"y":0.028680939227342607,"z":-0.009710850194096566,"w":0.9473502039909363},"size":14.67651081085205,"orthographic":false}