{"cameraMode":{"drawMode":0,"name":"Shaded","section":"Shading Mode"},"sceneLighting":true,"audioPlay":false,"sceneViewState":{"showFog":false,"showMaterialUpdate":false,"showSkybox":false,"showFlares":false,"showImageEffects":false,"showParticleSystems":false},"in2DMode":false,"pivot":{"x":27.296377182006837,"y":-1.7963695526123047,"z":-6.67885684967041},"rotation":{"x":0.19023653864860536,"y":-0.3367080092430115,"z":0.06965772807598114,"w":0.9195597767829895},"size":10.70715045928955,"orthographic":false}