{"cameraMode":{"drawMode":0,"name":"Shaded","section":"Shading Mode"},"sceneLighting":true,"audioPlay":false,"sceneViewState":{"showFog":false,"showMaterialUpdate":false,"showSkybox":false,"showFlares":false,"showImageEffects":false,"showParticleSystems":false},"in2DMode":false,"pivot":{"x":1.6141926050186158,"y":-2.0250325202941896,"z":4.796047210693359},"rotation":{"x":0.27970001101493838,"y":-0.010942842811346054,"z":0.0031882403418421747,"w":0.9600220918655396},"size":9.115163803100586,"orthographic":false}