{"cameraMode":{"drawMode":0,"name":"Shaded","section":"Shading Mode"},"sceneLighting":true,"audioPlay":false,"sceneViewState":{"showFog":false,"showMaterialUpdate":false,"showSkybox":false,"showFlares":false,"showImageEffects":false,"showParticleSystems":false},"in2DMode":false,"pivot":{"x":-3.215672016143799,"y":-5.9728899002075199,"z":-3.1938793659210207},"rotation":{"x":0.26325342059135439,"y":-0.11915364861488342,"z":0.032785411924123767,"w":0.9567850828170776},"size":9.29018783569336,"orthographic":false}