{"cameraMode":{"drawMode":0,"name":"Shaded","section":"Shading Mode"},"sceneLighting":true,"audioPlay":false,"sceneViewState":{"showFog":false,"showMaterialUpdate":false,"showSkybox":false,"showFlares":false,"showImageEffects":false,"showParticleSystems":false},"in2DMode":false,"pivot":{"x":14.501882553100586,"y":-5.842901229858398,"z":-3.8569793701171877},"rotation":{"x":0.38407158851623537,"y":0.10515474528074265,"z":-0.04413860663771629,"w":0.9163480997085571},"size":23.64838409423828,"orthographic":false}