{"cameraMode":{"drawMode":0,"name":"Shaded","section":"Shading Mode"},"sceneLighting":true,"audioPlay":false,"sceneViewState":{"showFog":false,"showMaterialUpdate":false,"showSkybox":false,"showFlares":false,"showImageEffects":false,"showParticleSystems":false},"in2DMode":false,"pivot":{"x":8.485860824584961,"y":-9.677391052246094,"z":-1.4914041757583619},"rotation":{"x":0.2282673716545105,"y":0.7059431672096252,"z":-0.26089391112327578,"w":0.6176580786705017},"size":12.637866020202637,"orthographic":false}