{"cameraMode":{"drawMode":0,"name":"Shaded","section":"Shading Mode"},"sceneLighting":true,"audioPlay":false,"sceneViewState":{"showFog":false,"showMaterialUpdate":false,"showSkybox":false,"showFlares":false,"showImageEffects":false,"showParticleSystems":false},"in2DMode":false,"pivot":{"x":21.06205940246582,"y":2.3427491188049318,"z":-13.174559593200684},"rotation":{"x":0.14126969873905183,"y":0.046016085892915729,"z":-0.006573708727955818,"w":0.9888800382614136},"size":22.790559768676759,"orthographic":true}