{"cameraMode":{"drawMode":0,"name":"Shaded","section":"Shading Mode"},"sceneLighting":true,"audioPlay":false,"sceneViewState":{"showFog":false,"showMaterialUpdate":false,"showSkybox":false,"showFlares":false,"showImageEffects":false,"showParticleSystems":false},"in2DMode":false,"pivot":{"x":-5.49964714050293,"y":-0.04728256165981293,"z":-14.358613967895508},"rotation":{"x":0.26325342059135439,"y":-0.11915364861488342,"z":0.032785411924123767,"w":0.9567850828170776},"size":2.715233564376831,"orthographic":false}