{"cameraMode":{"drawMode":0,"name":"Shaded","section":"Shading Mode"},"sceneLighting":true,"audioPlay":false,"sceneViewState":{"showFog":false,"showMaterialUpdate":false,"showSkybox":false,"showFlares":false,"showImageEffects":false,"showParticleSystems":false},"in2DMode":false,"pivot":{"x":0.13384544849395753,"y":0.4801981449127197,"z":2.644357204437256},"rotation":{"x":0.1422528773546219,"y":0.47961217164993288,"z":-0.07912159711122513,"w":0.8622786402702332},"size":13.50936508178711,"orthographic":false}