{"cameraMode":{"drawMode":0,"name":"Shaded","section":"Shading Mode"},"sceneLighting":true,"audioPlay":false,"sceneViewState":{"showFog":false,"showMaterialUpdate":false,"showSkybox":false,"showFlares":false,"showImageEffects":false,"showParticleSystems":false},"in2DMode":false,"pivot":{"x":21.07506561279297,"y":4.163094997406006,"z":-0.7361094951629639},"rotation":{"x":0.26325342059135439,"y":-0.11915364861488342,"z":0.032785411924123767,"w":0.9567850828170776},"size":1.7983026504516602,"orthographic":false}