{"cameraMode":{"drawMode":0,"name":"Shaded","section":"Shading Mode"},"sceneLighting":true,"audioPlay":false,"sceneViewState":{"showFog":false,"showMaterialUpdate":false,"showSkybox":false,"showFlares":false,"showImageEffects":false,"showParticleSystems":false},"in2DMode":false,"pivot":{"x":31.042091369628908,"y":-2.32088303565979,"z":0.18632149696350099},"rotation":{"x":0.08388767391443253,"y":-0.01793556846678257,"z":0.0015101415337994695,"w":0.9963126182556152},"size":11.033934593200684,"orthographic":false}