{"cameraMode":{"drawMode":0,"name":"Shaded","section":"Shading Mode"},"sceneLighting":true,"audioPlay":false,"sceneViewState":{"showFog":false,"showMaterialUpdate":false,"showSkybox":false,"showFlares":false,"showImageEffects":false,"showParticleSystems":false},"in2DMode":false,"pivot":{"x":-0.7401261329650879,"y":-0.982196033000946,"z":2.571986675262451},"rotation":{"x":0.06549888849258423,"y":0.7617216110229492,"z":-0.07796365022659302,"w":0.6398908495903015},"size":4.066790580749512,"orthographic":false}