{"cameraMode":{"drawMode":0,"name":"Shaded","section":"Shading Mode"},"sceneLighting":true,"audioPlay":false,"sceneViewState":{"showFog":false,"showMaterialUpdate":false,"showSkybox":false,"showFlares":false,"showImageEffects":false,"showParticleSystems":false},"in2DMode":false,"pivot":{"x":-454.3870544433594,"y":-280.7757263183594,"z":363.02618408203127},"rotation":{"x":-0.19904682040214539,"y":0.41223397850990298,"z":-0.0927734225988388,"w":-0.8842753767967224},"size":369.9384460449219,"orthographic":false}