{"cameraMode":{"drawMode":0,"name":"Shaded","section":"Shading Mode"},"sceneLighting":true,"audioPlay":false,"sceneViewState":{"showFog":false,"showMaterialUpdate":false,"showSkybox":false,"showFlares":false,"showImageEffects":false,"showParticleSystems":false},"in2DMode":false,"pivot":{"x":-7.920551300048828,"y":-17.90717315673828,"z":-30.27729034423828},"rotation":{"x":0.24559977650642396,"y":0.5525462031364441,"z":-0.1744697242975235,"w":0.7771973013877869},"size":20.817201614379884,"orthographic":false}