{"cameraMode":{"drawMode":0,"name":"Shaded","section":"Shading Mode"},"sceneLighting":true,"audioPlay":false,"sceneViewState":{"showFog":false,"showMaterialUpdate":false,"showSkybox":false,"showFlares":false,"showImageEffects":false,"showParticleSystems":false},"in2DMode":false,"pivot":{"x":-0.5912060141563416,"y":-1.1912510395050049,"z":5.584347724914551},"rotation":{"x":0.21523940563201905,"y":-0.06965675204992295,"z":0.015393915586173535,"w":0.9739529490470886},"size":5.765008926391602,"orthographic":false}