{"cameraMode":{"drawMode":0,"name":"Shaded","section":"Shading Mode"},"sceneLighting":false,"audioPlay":false,"sceneViewState":{"showFog":false,"showMaterialUpdate":false,"showSkybox":false,"showFlares":false,"showImageEffects":false,"showParticleSystems":false},"in2DMode":false,"pivot":{"x":-0.012988388538360596,"y":1.207855224609375,"z":1.1618618965148926},"rotation":{"x":0.27970001101493838,"y":-0.010942842811346054,"z":0.0031882403418421747,"w":0.9600220918655396},"size":0.9123725295066834,"orthographic":false}