{"cameraMode":{"drawMode":0,"name":"Shaded","section":"Shading Mode"},"sceneLighting":true,"audioPlay":false,"sceneViewState":{"showFog":false,"showMaterialUpdate":false,"showSkybox":false,"showFlares":false,"showImageEffects":false,"showParticleSystems":false},"in2DMode":false,"pivot":{"x":-8.627317428588868,"y":-4.998167514801025,"z":-3.212573528289795},"rotation":{"x":0.38407158851623537,"y":0.10515474528074265,"z":-0.04413860663771629,"w":0.9163480997085571},"size":6.547914505004883,"orthographic":false}