{"cameraMode":{"drawMode":0,"name":"Shaded","section":"Shading Mode"},"sceneLighting":true,"audioPlay":false,"sceneViewState":{"showFog":false,"showMaterialUpdate":false,"showSkybox":false,"showFlares":false,"showImageEffects":false,"showParticleSystems":false},"in2DMode":false,"pivot":{"x":-9.809236526489258,"y":2.921121597290039,"z":-22.26519203186035},"rotation":{"x":-0.24643602967262269,"y":0.6261554956436157,"z":-0.21822315454483033,"w":-0.7069091796875},"size":44.6601448059082,"orthographic":false}