{"cameraMode":{"drawMode":0,"name":"Shaded","section":"Shading Mode"},"sceneLighting":true,"audioPlay":false,"sceneViewState":{"showFog":false,"showMaterialUpdate":false,"showSkybox":false,"showFlares":false,"showImageEffects":false,"showParticleSystems":false},"in2DMode":false,"pivot":{"x":30.734130859375,"y":3.66455078125,"z":0.29296875},"rotation":{"x":0.14126969873905183,"y":0.046016085892915729,"z":-0.006573708727955818,"w":0.9888800382614136},"size":14.639166831970215,"orthographic":true}