{"cameraMode":{"drawMode":0,"name":"Shaded","section":"Shading Mode"},"sceneLighting":true,"audioPlay":false,"sceneViewState":{"showFog":false,"showMaterialUpdate":false,"showSkybox":false,"showFlares":false,"showImageEffects":false,"showParticleSystems":false},"in2DMode":false,"pivot":{"x":-31.46904945373535,"y":2.1916472911834719,"z":-33.893310546875},"rotation":{"x":-0.1122111827135086,"y":-0.8868826627731323,"z":0.29488810896873476,"w":-0.3374771475791931},"size":2.7886264324188234,"orthographic":false}