{"cameraMode":{"drawMode":0,"name":"Shaded","section":"Shading Mode"},"sceneLighting":true,"audioPlay":false,"sceneViewState":{"showFog":false,"showMaterialUpdate":false,"showSkybox":false,"showFlares":false,"showImageEffects":false,"showParticleSystems":false},"in2DMode":false,"pivot":{"x":15.885541915893555,"y":-4.912930965423584,"z":-9.882813453674317},"rotation":{"x":0.0698634684085846,"y":-0.9222853183746338,"z":0.1988934874534607,"w":0.32396337389945986},"size":6.578086853027344,"orthographic":false}