{"cameraMode":{"drawMode":0,"name":"Shaded","section":"Shading Mode"},"sceneLighting":true,"audioPlay":false,"sceneViewState":{"showFog":false,"showMaterialUpdate":false,"showSkybox":false,"showFlares":false,"showImageEffects":false,"showParticleSystems":false},"in2DMode":false,"pivot":{"x":23.956398010253908,"y":-0.932861328125,"z":-3.274658203125},"rotation":{"x":0.3578311502933502,"y":-0.016244439408183099,"z":0.0062269833870232109,"w":0.933630645275116},"size":2.5556693077087404,"orthographic":true}