{"cameraMode":{"drawMode":0,"name":"Shaded","section":"Shading Mode"},"sceneLighting":true,"audioPlay":false,"sceneViewState":{"showFog":false,"showMaterialUpdate":false,"showSkybox":false,"showFlares":false,"showImageEffects":false,"showParticleSystems":false},"in2DMode":false,"pivot":{"x":48.938079833984378,"y":20.856937408447267,"z":-130.11183166503907},"rotation":{"x":-0.0012325147399678827,"y":0.9408972859382629,"z":0.003384633455425501,"w":0.3387826085090637},"size":146.63409423828126,"orthographic":false}