{"cameraMode":{"drawMode":0,"name":"Shaded","section":"Shading Mode"},"sceneLighting":true,"audioPlay":false,"sceneViewState":{"showFog":false,"showMaterialUpdate":false,"showSkybox":false,"showFlares":false,"showImageEffects":false,"showParticleSystems":false},"in2DMode":false,"pivot":{"x":33.96628952026367,"y":8.446590423583985,"z":-39.28300857543945},"rotation":{"x":-0.0838489830493927,"y":-0.8838983178138733,"z":0.1740451604127884,"w":-0.4260826110839844},"size":0.9354143738746643,"orthographic":false}