{"cameraMode":{"drawMode":0,"name":"Shaded","section":"Shading Mode"},"sceneLighting":true,"audioPlay":false,"sceneViewState":{"showFog":false,"showMaterialUpdate":false,"showSkybox":false,"showFlares":false,"showImageEffects":false,"showParticleSystems":false},"in2DMode":false,"pivot":{"x":-5.628068447113037,"y":-0.0017383843660354615,"z":-0.3768830895423889},"rotation":{"x":0.3578311502933502,"y":-0.016244439408183099,"z":0.0062269833870232109,"w":0.933630645275116},"size":2.934272050857544,"orthographic":true}